{"cameraMode":{"drawMode":0,"name":"Shaded","section":"Shading Mode"},"sceneLighting":true,"audioPlay":false,"sceneViewState":{"m_AlwaysRefresh":false,"showFog":true,"showSkybox":true,"showFlares":true,"showImageEffects":true,"showParticleSystems":true,"showVisualEffectGraphs":true,"m_FxEnabled":true},"in2DMode":false,"pivot":{"x":1.413167953491211,"y":1.885493278503418,"z":-1.5447559356689454},"rotation":{"x":-0.039027657359838489,"y":0.9388177394866943,"z":-0.11349697411060333,"w":-0.3228267431259155},"size":12.361184120178223,"orthographic":false}